recipe,type
"2 large garlic cloves  1 chipotle chilli (available from some supermarkets or specialist food markets) ½ Spanish onion, roughly chopped 1 bunch coriander  1 tomato, peeled, quartered and seeds removed 50ml/2fl oz Mexican beer 300g/11oz canned peeled tomatoes, chopped salt and freshly ground black pepper 1 free-range organic chicken breast, sliced into strips 1 tbsp olive oil salt and freshly ground black pepper  200g/7oz sirloin steak 150g/5oz cooking chorizo, sliced lengthways 1 bunch spring onions, trimmed 4 tbsp sunflower oil ½ onion, roughly chopped 2 x 400g/14oz cans red kidney beans in water (drain and discard the water from one of the cans) 75ml/3fl oz chicken stock salt and freshly ground black pepper  8 flour or corn tortillas  ½ bunch coriander, roughly chopped 1 large avocado, peeled and sliced lengthways 1 lime ",mexican
"1 small onion oil, for cooking 600g/1lb 5oz skinless, boneless turkey breast or thigh 3 tsp Mexican seasoning, such as mild taco seasoning 2 tomatoes, halved 200g tin of sweetcorn, drained 200g/7oz grated cheese, such as Cheddar 4 large soft tortilla wraps 4 tbsp natural yoghurt, to serve ",mexican
"½ small onion, finely diced  200g/7oz tomatoes, diced 1 tbsp white wine vinegar  1 lime, zest only (juice used below) salt and pepper  1 x 400g/14oz tin Mexican-style bean mix or mixed beans in mild chilli sauce  200g/7oz frozen sweetcorn, defrosted  8 tortilla wraps  150g/5½oz long-grain rice, cooked according to the packet instructions or in a microwave (see tip) 1 lime, juice only (zest used above)  about 200g/7oz plain yoghurt  ",mexican
"1 tbsp coconut oil 2 onions, finely chopped 3 celery sticks, finely chopped 250g/9oz mushrooms, roughly chopped 5 garlic cloves, finely chopped 2 tsp chilli powder, or to taste 2 x 400g tins jackfruit in brine, drained and rinsed 500g/1lb 2oz tomato passata 400g tin plum tomatoes, squashed ½ tbsp tomato purée 1 tsp balsamic vinegar 1 tsp tomato ketchup 1 tsp caster sugar 400g tin butter beans, drained and rinsed 400g tin kidney beans, drained and rinsed 400g tin black-eyed beans, drained and rinsed 400g tin borlotti beans, drained and rinsed salt and freshly ground black pepper ",mexican
"100g/3½oz plain flour, plus extra for dusting 100g/3½oz plain wholemeal flour pinch salt drizzle oil ½ red onion, thinly sliced 1 red pepper, deseeded and thinly sliced ½ tsp ground allspice 1 tsp smoked paprika 1 tsp cumin seeds 2 sirloin steaks (approximately 200g/7oz each), fat removed, cut into bite-sized pieces or strips ½ tbsp olive oil 100ml/3½fl oz fat-free yoghurt 1 lime, juice only 1 tsp olive oil 2 garlic cloves, peeled and sliced 2 tsp cumin seeds 1 x 400g/14oz tin black beans, partially drained  2 ripe tomatoes, seeds removed and finely chopped ¼-½ red onion (depending on size), finely chopped 1 red chilli, finely chopped 1 lime, zest and juice  1 small iceberg lettuce, shredded ",mexican
"4 tbsp vegetable oil 500g/1lb 2oz good-quality braising steak, diced 500g/1lb 2oz good-quality beef mince 1 white onion, peeled, finely chopped 1 red onion, peeled, finely chopped 2 sticks celery, trimmed, chopped 1 dried chipotle chilli 1 tbsp dried chilli flakes ½ tbsp chilli powder 2 tsp dried oregano 3 tbsp light brown sugar 2 x 400g/14oz cans chopped tomatoes 500ml/17fl oz beef stock 1 x 400g/14oz can kidney beans, drained and rinsed 1 x 400g/14oz can black-eyed beans, drained and rinsed sea salt flakes and freshly ground black pepper 75g/3oz plain chocolate, minimum 70% cocoa solids, roughly chopped bunch fresh coriander steamed rice 8 tbsp soured cream 4 spring onions, trimmed, finely sliced ",mexican
"1 x 300–400g/10½oz–14oz beef cheek  4 tbsp olive oil 1 onion, roughly chopped 1 carrot, roughly chopped 1 stick celery, roughly chopped 1 bay leaf 200ml/7fl oz red wine 400ml/14fl oz beef stock 350g/12oz plain flour 1 tsp baking powder 175g/6oz salted butter, chilled 4 tbsp olive oil ½ onion, roughly chopped 1 garlic clove, finely chopped 1 dried red chilli, finely chopped 1 tsp smoked paprika 1 tsp cumin seeds 1 tbsp tomato purée 1 tbsp capers, drained 2 free-range eggs, beaten 4 heads sweetcorn, husk and silk removed 2 tbsp mayonnaise  1 tsp ground chipotle pepper 150g/5½oz cotija or feta cheese, crumbled ½ garlic clove, crushed 1 lime, juice only 2 spring onions, chopped 30g/1oz sliced jalapeños, to serve ",mexican
"1 tbsp olive oil, plus extra for greasing 500g/1lb 2oz beef mince  1 red onion, finely chopped 3 garlic cloves, crushed or grated 1 red chilli, chopped, plus extra to garnish 1 celery stick, finely chopped 1 beef stock cube 2–4 tbsp chipotle chilli paste 400g tin red kidney beans in chilli sauce 400g tin chopped tomatoes 4 tbsp chopped fresh coriander (leaves and stalks), plus extra to garnish 8 soft corn tortillas (regular size) 3 tbsp sliced red jalapeños in brine, drained 200g/7oz Cheddar, grated salt and freshly ground black pepper soured cream or crème fraîche, to serve (optional) ",mexican
"3 tbsp olive oil 1 large onion, finely sliced 2 cloves garlic, peeled and finely chopped 500g/1lb 2oz sirloin steak, cut into 1cm/½in cubes 1 tsp dried oregano 1 tsp ground cumin 1 tsp caster sugar 3 tbsp tomato purée salt and freshly ground black pepper  100ml/3½fl oz beef stock 2 tbsp chopped fresh coriander 8 ready-made flour tortillas 250g/9fl oz soured cream 1 tsp cayenne pepper 2 tbsp warm water 3 tbsp chopped fresh chives salad leaves of your choice squeeze lemon juice ",mexican
"5 large green tomatoes, quartered 1 medium white onion, quartered 4 green serrano chillies, destemmed and halved, seeds removed from 2 of the chillies.  4 garlic cloves, peeled 15 sprigs coriander 2 tbsp vegetable oil salt, to taste 8 large plum tomatoes, quartered 1 medium Spanish onion, sliced 2 red chillies, destemmed and halved 3 garlic cloves, peeled 4 tbsp extra virgin olive oil 2 dried guajillo chillies, roughly chopped  1 tbsp cumin seeds 1 tbsp coriander seeds ½ tsp smoked chipotle powder 2 sprigs coriander leaves, chopped 1 tbsp granulated sugar 1 lime, juice only salt and freshly ground black pepper to taste 100ml/3½fl oz corn oil 12 x 8cm/3¼in plain flour tortillas 1 tsp olive oil 300g/10½oz beef mince 1 tsp chilli powder 1 lime, zest and juice 1 red onion, diced 2 tbsp chopped fresh coriander 150g/5½oz salsa verde, from above  150g/5½oz salsa roja, from above  12 trimmed Little Gem lettuce leaves 150g/5½oz feta, crumbled 2 tbsp coriander cress salt and freshly ground black pepper ",mexican
"1–2 tbsp extra virgin olive oil 1 red onion, thinly sliced 1 tsp ground cumin 1½ tsp hot smoked paprika 400g tin chopped tomatoes 400g tin black beans in water, drained and rinsed 300g/10½oz sweet potatoes (1 large potato), scrubbed (do not peel) and cut into 2.5cm/1in chunks 198g can sweetcorn, drained 450g/1lb mushrooms 3 tbsp maple syrup flaked sea salt and freshly ground black pepper sliced avocado onion, thinly sliced  tomatoes, chopped  fresh coriander, chopped freshly cooked brown basmati and wild rice (optional) coconut yoghurt (optional) ",mexican
"250g/9oz blue corn tortilla flour (or maize flour if unavailable) 2 tbsp olive oil 1 onion, finely sliced 1 green jalapeño chilli, finely chopped or a good pinch dried chilli flakes 1 garlic clove, finely chopped 250g/9oz courgette flowers, Swiss chard or spinach, washed and shredded 200g/7oz mozzarella, grated  150g/5½oz Lancashire cheese, crumbled salt ",mexican
"60g/2¼oz mature cheddar, grated  salt and freshly ground black pepper 100g/3½oz dried black beans, soaked overnight in cold water 1 onion, halved 1 dried ancho chilli 2 garlic cloves, finely chopped 45g/1¾oz lard  175g/6oz plain flour, plus extra for dusting 35g/1¼oz cornmeal  1 tsp baking powder  150ml/5fl oz warm water 2 large tomatoes, flesh finely chopped, juice and seeds drained  ½ tsp caster sugar ½ lime, juice only 1½ large avocados, roughly chopped 1 large red hot chilli, finely chopped 2 tsp chopped fresh coriander  ½ lime, juice only 1 tsp olive oil  2 sun-dried tomatoes, finely chopped 1 jalapeño chilli, finely chopped  100ml/3½fl oz soured cream  1½ tsp olive oil 200g/7oz spicy cooking chorizo, roughly chopped  5 chestnut mushrooms, roughly chopped  2–3 tbsp chipotle sauce  40g/1½oz butter  4 large free-range eggs  ",mexican
"140g/5oz plain flour, plus extra for dusting 2 tsp caster sugar, plus extra to sprinkle ¼ tsp baking powder pinch salt 4 tbsp milk 1 free-range egg pinch anise seeds  sunflower oil, for deep frying  500g/1lb 2oz raspberries 1 eating apple, peeled, cored and diced 75g/2½oz icing sugar, plus extra for sprinkling squeeze lemon juice ",mexican
"300g/10½oz plain flour, plus extra for dusting 1 tsp baking powder 1 tbsp caster sugar ½ tsp salt 1 free-range egg, lightly beaten 1 tsp vanilla extract 15g/½oz butter, melted 700ml/1¼ pint corn or vegetable oil, for frying cinnamon sugar  300g/10½oz light brown soft sugar 8cm/3¼in cinnamon stick 2 strips orange peel 1 star anise 4 allspice berries 1 lime, juice only 1 orange, juice only pinch salt 1 tsp cornflour, mixed to a paste with 1 tbsp water 350g/12oz guavas, quartered, or 350g/12oz mango, peeled, stoned removed and cut into 4cm/1½in chunks ",mexican
"50g/1¾oz dried guajillo chillies, seeds removed 4 large ripe tomatoes 4 garlic cloves, skin on 30g/1oz lard or 3 tbsp vegetable oil 1kg/2lb 4oz braising steak, cubed 1 large onion, roughly chopped 1 tsp ground cumin 1 tsp dried oregano 4 allspice berries, bruised 1 bay leaf 1 tsp salt 2 tbsp chipotles en adobo  12–18 corn tortillas handful coriander, roughly chopped 200ml/7fl oz soured cream Lancashire cheese, crumbled 1 avocado, stone removed, peeled and diced 1 large onion, finely chopped 4 radishes, finely sliced ",mexican
"2kg/4lb 8oz boneless pork shoulder, trimmed and cut into large chunks 2 tbsp vegetable oil, olive oil or lard 1 large onion, finely chopped 4 garlic cloves, roughly chopped 2 oranges, juice only 1 lime, juice only  100ml/3½fl oz full-sugar coca cola 250ml/9fl oz chicken stock or water 1 tsp dried oregano 2 tsp ground cumin 1 tsp dried thyme 1 tsp smoked paprika 1 tsp garlic powder 1 tsp mustard powder 1 tsp ground cinnamon 1 tbsp soft brown sugar 1 tsp salt 1 tbsp oil or butter 1 tbsp soft brown sugar  ",mexican
"1 yellow pepper, seeds removed, diced  1 small mango, peeled and diced  8 cherry tomatoes, cut into quarters  3 spring onions, chopped  1 tsp chopped jalapeño peppers (optional) 1 lime, juice only  salt and freshly ground black pepper  4 flour tortillas  150g/5oz Monterey Jack or cheddar cheese, grated  leftover chicken, shredded, or other cold meat such as turkey 1 green or red pepper, seeds removed, finely diced  small handful coriander leaves, chopped, plus extra to garnish (optional) soured cream and guacamole, to serve (optional) ",mexican
"4 tbsp taco seasoning 3 chicken breast fillets, boneless and skin removed 5 chicken thigh fillets, boneless and skin removed 1 tbsp olive oil 250ml/9fl oz passata 250ml/9fl oz chicken stock 2 bay leaves 1 tbsp cider vinegar salt and freshly ground black pepper 2 tbsp olive oil 1 onion, thinly sliced 1 red pepper, thinly sliced 1 green pepper, thinly sliced 2 garlic cloves, finely chopped 1 tbsp taco seasoning 1 lime, juice only 8 flour tortillas  600g/1lb 5oz cheese, such as Monterey Jack or cheddar, grated 4 avocados, thinly sliced (optional) bunch spring onions, shredded (optional) 2 fresh or pickled jalapeño chillies, chopped (optional) bunch fresh coriander, roughly chopped (optional) soured cream, to serve lime wedges, to serve ",mexican
"2 limes, juice only 2 garlic cloves, crushed 4 tbsp olive oil 1 heaped tsp dried oregano 1 tsp chilli flakes 1 tsp brown sugar 4 chicken thighs, boneless, skin removed flaked sea salt and freshly ground black pepper 2 chipotles en adobo, finely chopped  2 tbsp soured cream 2 tbsp mayonnaise  1 lime, juice only 2 large ripe tomatoes, deseeded and finely chopped ½ onion, finely chopped handful fresh coriander, roughly chopped 1 green serrano or jalapeno chilli, finely chopped 1 lime, juice only 1 green jalapeno or serrano chilli, deseeded and finely chopped ½ small onion, finely chopped 1 large ripe avocado, stone and skin removed 1 lime, juice only small handful fresh coriander, roughly chopped 150g/5½oz long-grain white rice  4 large flour tortillas  4 tbsp freshly grated mozzarella 4 tbsp soured cream ½ Little Gem lettuce, shredded ",mexican
"1 large onion, finely chopped 1 tbsp olive oil 1 garlic clove, crushed 1 tsp smoked paprika 1 tsp dried oregano 1 tsp chilli powder ½ tsp ground cumin 500g/1lb 2oz passata 1 tbsp brown sugar 1 tbsp cider vinegar salt and freshly ground black pepper 2 onions, sliced I red pepper, deseeded and sliced 1 yellow pepper, deseeded and sliced 3 tbsp olive oil 2 garlic cloves, finely chopped 1 red chilli, seeds removed, finely chopped 4 skinless, boneless chicken breasts, cut into thin strips 400g/14oz red kidney beans, drained and rinsed  8 flour tortillas 100g/3½oz cheddar, grated  4 spring onions, trimmed and sliced 2 tbsp finely chopped coriander 1 large avocado, peeled and sliced 150ml/5fl oz soured cream ",mexican
"½ tsp ground cumin ½ tsp ground coriander pinch cayenne pepper ½ tsp dried thyme pinch crushed chillies, plus extra to taste ½ tsp paprika 1 dried bay leaf, crushed freshly ground black pepper 1 large ripe avocado, halved and stoned ½ lime, juice only few sprigs fresh coriander, leaves and stalks chopped 1 small mild chilli, finely chopped (and deseeded, optional) salt 2–3 tbsp vegetable oil 1 brown onion, sliced 1 red pepper, deseeded and sliced 2 garlic cloves, crushed 300g/10½oz leftover roasted chicken (white and brown meat), shredded into bite-sized pieces salt and freshly ground black pepper 2 corn on the cobs 100ml/3½fl oz soured cream ½ lime, zest only 4 large tortilla wraps  100g/3½oz cheddar, grated 1 lime, cut into quarters  ",mexican
"1 small red onion, finely chopped 425g/15oz small vine-ripened tomatoes, chopped 2 garlic cloves, crushed large handful of fresh coriander leaves, chopped freshly ground black pepper 1 tbsp olive oil 1 large red onion, thinly sliced 1 red pepper, cored, deseeded and thinly sliced 1 yellow pepper, cored, deseeded and thinly sliced 450g/1lb chicken breasts, skinned and cut into thin strips pinch paprika pinch mild chilli powder pinch cumin pinch dried oregano 4 soft wholemeal tortillas ½ iceberg lettuce, thinly shredded ",mexican
"16 mulato or ancho chillies (about 200g/7oz), cleaned, seeds removed and retained 4 pasilla chillies, cleaned, seeds removed and retained 30g/1oz stale baguette or white bread (roughly 1 slice) 50g/1¾oz sesame seeds 120g/4½ oz blanched almonds 1 tbsp coriander seeds 6 black peppercorns 5cm/2in cinnamon stick 4 tbsp corn oil 1 small ripe plantain or unripe banana, peeled and thickly sliced 130g/4¾oz raisins or currants 1 onion, thinly sliced 1 garlic clove, roughly chopped pinch ground cloves 1 tsp oregano 1 litre/1¾ pints chicken stock  100g/3½oz dark chocolate (70–85% cocoa solids), roughly chopped 4–5 skinless chicken breasts 2 tbsp sesame seeds salt  handful lettuce leaves 4 corn tortillas, warmed ",mexican
"2 chicken breasts, cut into thin strips 1 can of drained and washed cannellini beans 1 red onion, thinly sliced 1 red chilli, chopped 1 clove garlic, crushed small bunch of coriander, chopped  ½ lemon, juice only salt and freshly ground black pepper 100ml/3½fl oz sour cream 4 taco shells 3 plum tomatoes, de-seeded and chopped 1 red chilli, chopped 1 green pepper, finely chopped ½ red onion ½ lemon, juice only 1 tbsp olive oil 50g/2oz cucumber, finely sliced 50g/2oz cheddar, grated ½ red onion, diced ",mexican
"6 small corn tortillas olive oil, for brushing 400g tin refried beans ¾ tsp ancho chilli powder or chipotle paste ½ tsp ground cumin ¼ tsp garlic granules  2 ripe avocados 1 tbsp fresh lime juice handful fresh coriander, finely chopped 250g/9oz roast chicken, shredded salt and freshly ground black pepper 2 large ripe tomatoes, deseeded and finely chopped ½ onion, finely chopped handful fresh coriander, roughly chopped 1 jalapeno chilli, finely chopped (optional) 1 lime, juice only shredded iceberg or romaine lettuce jalpeno chillies in brine 125g/4½oz Cheddar, grated soured cream ",mexican
"2 tbsp olive oil 1kg/2lb 2oz beef mince 2 onions, finely diced 2 cloves garlic, finely diced 1 stick celery, finely diced 2 chillies, finely diced 1 bay leaf 1 tbsp ground cumin 1 tbsp ground coriander 1 tbsp dried oregano 1 tbsp paprika 2 tsp cayenne 1 tsp ground cinnamon 1 tsp ground black pepper 1 tbsp tomato purée 400g/14oz tinned tomatoes 250ml/9fl oz beef stock 25g/1oz dark chocolate, finely chopped 400g/14oz tinned red kidney beans, rinsed and drained small bunch coriander leaves, roughly chopped basmati rice ",mexican
"2 tbsp sunflower oil 500g/1lb 2oz shin of beef, trimmed and cut into 1cm/½in cubes 1 large onion, chopped 2 garlic cloves, crushed 1 red chilli, finely chopped 1 tsp dried oregano ½ tsp cocoa powder 1 tbsp tomato purée 1 x 400g/14oz tin chopped tomatoes 200ml/7fl oz rich beef stock salt and black pepper 1 x 400g/14oz tin kidney beans, drained and rinsed 3 large roasted red peppers from a jar, deseeded and roughly chopped  125g/4½oz plain flour 125g/4½oz cornmeal ½ tsp salt 115g/4oz unsalted butter, melted and slightly cooled 2 free-range eggs, beaten 250ml/8fl oz buttermilk 1 green chilli, deseeded and very finely chopped ½ tsp baking powder 120g/4¼oz strong Cheddar cheese, grated ",mexican
"4 large skinless boneless chicken breasts, weighing about 200g/7oz each 1 tsp chilli powder 1 tsp sweet paprika  2 tsp cracked black peppercorn  1 tsp garlic salt 1 tsp chopped thyme 1 tsp chopped parsley 1 tsp olive oil  1 tin pinto beans, drained (preferably organic) 1 small red onion, finely chopped 1-2 large red chillies, sliced 2 avocados, peeled, stoned and diced 4 tbsp chopped fresh coriander 2 tbsp lemon juice 6 tbsp extra virgin olive oil salt freshly ground black pepper ",mexican
"1 large pasilla chilli or 4 tsp ground pasilla 200ml/7fl oz double cream pinch salt 1 tsp cayenne pepper (optional) 200g/7oz dark chocolate (70% cocoa solids), finely chopped 6 tbsp cocoa powder 120g/4¼oz plain flour 1½ tbsp caster sugar 1 tsp baking powder pinch salt 1 free-range egg 100ml/3½fl oz ice-cold water or milk (water yields a crisper batter coating) 1 litre/1¾ pints corn oil, for deep frying whipped or clotted cream 250g/9oz small strawberries or raspberries ",mexican
"2 tbsp olive oil 2 onions, chopped 2 garlic cloves, crushed 1kg/2¼lb lean beef mince 250ml/9fl oz red wine 2 x 400g cans chopped tomatoes 3 tbsp tomato purée 2 red chillies, thinly sliced, or 3–4 tsp dried chilli flakes 1 tsp ground cumin  1 tsp ground coriander 1 stick cinnamon good shake of Worcestershire sauce 1 beef stock cube 2 x 400g can red kidney beans, rinsed and drained 1 large bunch coriander leaves, roughly chopped salt and freshly ground black pepper wedges of lime, to serve ",mexican
"500g/1lb 1½oz ripe vine tomatoes ½ onion, skin on 2 garlic cloves, unpeeled 4 pasilla chillies, seeds and stalks removed 8 guajillo chillies, seeds and stalks removed 150ml/5fl oz cola 1 tbsp sunflower oil ½ tsp dried oregano handful coriander stalks, finely chopped freshly ground black pepper ¼ tsp ground cloves 1 tsp cumin seeds, toasted and ground in a pestle and mortar salt, to taste 1 orange, juice only 1 tsp cider vinegar ¼ tsp cocoa powder ",mexican
"2 tbsp unsalted butter  1 large red onion, finely chopped 1 large carrot, finely chopped ½ red pepper, finely chopped 2 fresh bay leaves 2 tsp cumin seeds ½ cinnamon stick 25g/1oz light brown sugar 500g/1lb 2oz pork mince 1 large bunch fresh coriander, roughly chopped 4 garlic cloves 1 green chilli 2 tbsp smoked paprika 1 tsp ground allspice 3 tbsp chipotle paste 2 tbsp cider vinegar 1 large unwaxed lemon, finely grated zest and juice 500ml/18fl oz passata salt and freshly ground black pepper 50g/1¾oz manchego, grated, to serve vegetable oil, for frying  4 flour tortillas 4 spring onions, roughly chopped 1 green chilli, roughly chopped 1 Granny Smith apple, peeled, cored and finely chopped 2 avocados, skin and stone removed, roughly chopped 1 lemon, juice only small bunch fresh coriander, roughly chopped ",mexican
"2 mackerel fillets, bones removed, thinly sliced  1 orange, juice only 1 lime, juice only 1 tsp coriander seeds, toasted and crushed  1 tsp caster sugar  1 tsp sea salt  30g/1oz kale, leaves picked  1 tbsp soy sauce  1 tsp sesame oil 1 lime, juice only  1 red chilli, diced  1 green chilli, diced  1 avocado, mashed with a drizzle extra virgin olive oil  100g/3½oz cooked edamame beans  1 bunch basil, leaves picked  ",mexican
"4 tbsp white vinegar  2 tsp sugar, or to taste  2 red chillies, finely chopped ¼ white cabbage, finely shredded ¼ red cabbage, finely shredded 25g/1oz fresh flatleaf parsley 2 garlic cloves, roasted 2 spring onions, trimmed 1 sweet potato, cubed and roasted  400g tin cooked lentils  1 red chilli, finely chopped 1 orange, zest only 200g tin prunes in juice, drained salt and freshly ground black pepper 250g/9oz dates, stones removed 3 red chillies, roughly chopped 1 ripe avocado, roughly mashed 1 lemon, juice only ½ lime, juice only 1 tbsp olive oil salt and freshly ground black pepper 8 flour tortillas oil, for frying 800g tin duck confit ",mexican
"4 large chicken thighs 2 tbsp natural yoghurt 1 lime, juice and zest 1 tsp honey ¼ tsp smoked paprika 4 sweetcorn on the cob with husks on 4 tbsp olive oil 1 onion, finely chopped 3 garlic cloves, finely chopped ½ tsp lemon thyme leaves 1 dried chipotle chilli, seeds removed, finely chopped or 1 tsp chipotle paste 200ml/7fl oz apple juice  1-2 tbsp quinoa ½ red pepper 1 cucumber, cut into 5cm/2in chunks ¼ small red onion 1 tomato  3 tbsp olive oil  salt and freshly ground black pepper ½ garlic clove 1 lime, juice only ½ handful of fresh mint, chopped ½ handful of fresh coriander, chopped   ½ handful of fresh basil, chopped  ",mexican
150g/5½oz masa harina (available online) pinch salt 100ml/3½fl oz cold water 1 tbsp olive oil ,mexican
"1 small red onion, peeled, finely sliced ½ tsp dried oregano 5 black peppercorns, left whole 1½ limes, juice only ½ orange, juice only ½ tsp sea salt flakes 500g/1lb 2oz line-caught sea bass fillets, scales and gills removed sea salt flakes pinch chipotle chilli powder 2 ripe avocados, peeled, cut in half, stones removed 1 lime, juice only, plus extra to serve 2 tbsp good-quality ready-made mayonnaise small bunch fresh coriander, roots trimmed, stalks finely chopped, leaves left whole 1 small green chilli, seeds removed, finely chopped sea salt flakes  1 tsp olive oil 6 ready-made soft corn tortillas ",mexican
"24 raw king prawns, peeled, tails on (about 600g/1lb 5oz frozen raw shell-on prawns) 175g/6oz plain flour 1½ tsp baking powder 1 medium egg, beaten 150ml/5fl oz ice-cold water 60g/2¼oz panko breadcrumbs 60g/2¼oz unsweetened desiccated coconut 600ml/200fl oz corn oil, for deep frying salt and freshly ground black pepper 1 large papaya, skin and seeds removed, roughly chopped ½–1 habanero chilli, stem and seeds removed, roughly chopped 1 banana shallot, roughly chopped 1 garlic clove, halved 3 tbsp cider vinegar 2 thin slices fresh root ginger, skin removed 1 lime, juice only 1 orange, juice only 1 tbsp soft brown sugar 1 large pinch ground allspice ½ tsp salt ",mexican
"4 large corn on the cobs, halved 60g/2¼oz cotija, feta or mild pecorino, crumbled small bunch coriander, finely chopped 4 spring onions, trimmed and finely chopped 1–2 tsp chilli flakes 2 limes, zest only 4 tbsp mayonnaise lime wedges, to serve ",mexican
"6 flour tortillas  2 chicken breasts, cut into strips 2 garlic cloves, finely chopped  ½ tsp ground cumin  1 tsp chilli powder  1 lime, juice only 2 tbsp olive oil  1 red onion, thinly sliced 2 peppers, preferably different colours, thinly sliced salt and freshly ground black pepper  1 avocado, peeled, de-stoned and mashed  handful shredded iceberg lettuce handful fresh coriander, leaves picked salsa, shop-bought or homemade soured cream grated cheddar ",mexican
"2 garlic cloves, crushed or finely grated 1 orange, zest and juice only  2 large limes, zest and juice only  2 tbsp Mexican hot chilli sauce 2 tbsp tomato purée 1 tsp dried oregano 1 tsp ground cumin 1 tsp flaked sea salt or ½ tsp fine salt 1 tsp freshly ground black pepper 6 boneless, skinless chicken thigh fillets, fat trimmed 4 corn tortillas, warmed, to serve 2 Little Gem lettuces, leaves separated, rinsed and dried, to serve 1 ripe avocado (about 150g/5½oz), stoned, peeled and sliced, to serve soured cream or reduced-fat crème fraîche, to serve 1 red onion, finely sliced  1 tbsp white or red wine vinegar 1 tbsp caster sugar ",mexican
"1½ tbsp olive oil  4 spring onions, thinly sliced  400g tin mixed beans in water, drained 1 tbsp chipotle paste  4 flour tortillas  100g/3½oz cheddar, grated  4 tbsp soured cream (optional) 1 lime, juice only (optional) handful fresh coriander, to garnish (optional) ",mexican
"2 x 400g tins beans (e.g. black beans, cannellini beans, borlotti beans), drained and rinsed 100g/3½oz frozen peas or sweetcorn  2 x 400g tins chopped tomatoes 1 tsp dried oregano ¼ tsp dried red chilli flakes 2 tbsp tomato purée 8 crispy tacos shells ½ ripe avocado  ¼ lemon, juice only  handful coriander leaves, roughly chopped 60g/2¼oz Cheddar cheese, grated, to serve soured cream, to serve  ",mexican
"1 tbsp rapeseed oil  1 large onion, finely chopped  2 garlic cloves, finely chopped 1 red chilli, finely chopped  ½ tsp ground cumin 1 tbsp paprika  1 tsp chilli powder 250g/9oz soya mince  400g tin chopped tomatoes 3 tbsp tomato purée 300ml/½pint vegetable stock 1 green pepper, seeds removed and cubed 1 yellow pepper, seeds removed and cubed 1 carrot, grated  400g tin kidney beans in water, drained  1 tsp cornflour  handful fresh coriander, finely chopped 2 wholemeal pitta breads, halved 4 tbsp sour cream 50g/1¾oz cheddar, grated ",mexican
"1 small red onion, peeled, halved and sliced into half moons 2 limes, juice only 125g/4½oz mayonnaise 2 tsp gochujang paste, or other hot sauce, to taste 1 x 198g/7oz tin sweetcorn, drained 1 fresh red chilli, finely diced (de-seed if you don’t like too much heat) 3 tbsp chopped fresh coriander salt, to taste 4 skinless fillets of firm white fish, such as hake or haddock (750–900g/1lb10oz-2lb total), from the thicker loin end 1 tsp ground cumin ½ tsp paprika 1 tsp sea salt flakes 1 garlic clove, peeled and finely grated or minced 2 tbsp regular olive oil 8 soft corn tortillas 2 ripe avocados 1 lime, juice only salad leaves of your choice 1–2 tbsp chopped fresh coriander 2 limes, cut into wedges ",mexican
"1 red onion, finely chopped 5 tomatoes, skins and seeds removed, finely chopped  3-4 chillies, seeds removed and finely chopped 1 tsp sugar 1 lime, juice only 4 tbsp chopped fresh coriander pinch salt 1 large avocado, peeled, halved, stone removed 1 green chilli, seeds removed 1 lime, juice only 2 spring onions, chopped 1 tbsp chopped fresh coriander 3 tbsp vegetable oil ½ tsp salt 2 x 325g/12oz sea bass, filleted salt and freshly ground black pepper  225g/8oz plain flour 2 free-range eggs 200ml/7fl oz water sunflower oil, for deep-frying 8 soft flour tortillas, warmed in an oven or microwave 225g/8oz iceberg lettuce, finely shredded 300ml/10 oz soured cream ",mexican
"600g/1lb 5oz strong white flour, plus extra for dusting 2 heaped tbsp baking powder 1 tbsp dried thyme 1 tsp salt 100ml/3½fl oz olive oil, plus extra for grilling 100g/3½oz sun-blushed tomatoes, drained and finely chopped (optional) 350ml/12fl oz warm milk or water, or as much as needed 100g/3½oz butter 1 tsp salt bunch fresh coriander, very finely chopped ",mexican
"¼ onion, roughly chopped 1½ green serrano or jalapeño chillies, stems removed, halved 2 garlic cloves, finely chopped 125ml/4½fl oz chicken stock or water 380g tin tomatillos, available online ½ tsp flaked sea salt 300ml/10fl oz corn or sunflower oil, plus 2 tablespoons 4 corn tortillas, each cut into 8 triangles 4 free-range eggs 75g/2½oz Lancashire cheese or feta, crumbled 1 shallot, thinly sliced 1 tbsp roughly chopped fresh coriander 4 tbsp soured cream ",mexican
"2 chicken legs  1 chicken stock cube  2 green tomatoes, finely chopped 1 habanero chilli, finely chopped 1 shallot, finely chopped  1 garlic clove, finely chopped 1 lime, juice only  2 tbsp finely chopped fresh coriander splash tequila  salt 1 tbsp vegetable oil 1 onion, finely chopped 3 garlic cloves, finely chopped  1 tsp dried oregano  2 dried chipotle chillies, soaked in warm water then finely chopped 1 tbsp cider vinegar  1 tbsp dark brown soft sugar  500ml/18fl oz passata  salt vegetable oil, for deep-frying 4 small soft tortillas  1 Little Gem, shredded 100ml/3½fl oz soured cream  ½ tsp smoked paprika ",mexican
"350g/12oz green chillies 350g/12oz plum tomatoes, chopped 1 medium red onion, diced 3 garlic cloves, chopped ¼ tsp ground cumin salt freshly ground black pepper ",mexican
"2 tbsp olive oil 2 onions, finely chopped 2 garlic cloves, finely chopped  2 green jalapeño chillies, finely chopped  1 thick slice stale bread, crusts removed and finely chopped 1 pinch cayenne pepper 100g/3½ oz roasted and skinned hazelnuts  1 litre/1¾ pints chicken stock 500g/1lb2oz spinach  250g/9oz watercress  salt and freshly ground black pepper 1 soft tortilla, cut into strips  2 tbsp olive oil 2 baby corn, thinly sliced  1 avocado, peeled , stoned and thinly sliced 1 jalapeño chilli, thinly sliced  1 lime, juice only 1 spring onion, thinly sliced 50g/2oz crumbled cheddar or feta  1 tbsp soured cream  ",mexican
"8 ripe tomatoes, seeded and diced 1 clove of garlic, peeled and crushed  1 small onion, peeled and finely chopped ¼ fresh green chilli, de-seeded and finely chopped 1 tbsp fresh coriander, finely chopped 2 ripe avocados, peeled and stoned 1 lime, juice only 1 clove of garlic, peeled and crushed 1 small onion, peeled and finely chopped 3 small tomatoes, seeded and chopped ¼ fresh green chilli, de-seeded and finely chopped 1 tbsp fresh coriander, finely chopped 1 courgette, cut into four slices lengthways 1 red pepper, seeded and cut into quarters, lengthways 1 yellow pepper, seeded and cut into quarters, lengthways 1 packet flour tortillas coriander leaves, to garnish 1 lime, cut into four wedges to garnish ",mexican
"3 ripe avocadoes, roughly chopped ½ red onion, finely chopped handful coriander, finely chopped 1 lime, juice only  1 red chilli, finely chopped (optional) ",mexican
"4 tbsp cider vinegar 2 tbsp caster sugar ½ tsp fine sea salt 1 red onion, thinly sliced 250g/9oz plain flour, plus extra for kneading and rolling ½ heaped tsp fine sea salt 1 tbsp olive oil 2 tbsp rapeseed oil 1 red onion, finely chopped 1 red pepper, seeds removed, diced 1 green pepper, seeds removed, diced 4 garlic cloves, crushed 2 tsp paprika 2 tsp ground cumin pinch dried chilli flakes 1½ tbsp dried oregano 500g/1lb 2oz minced beef 500ml/18fl oz beef stock 4 large tomatoes, diced	 ½ red onion, finely chopped 1 green chilli, preferable jalapeño or serrano, finely chopped 1 garlic clove, finely grated 2 tbsp lime juice ½ small bunch fresh coriander, finely chopped ½ tsp fine sea salt freshly ground black pepper 2 x 400g/14oz cans black beans, drained and rinsed 2 tbsp olive oil 1 small red onion, finely chopped 2 garlic cloves, crushed 1 tbsp smoked paprika 1 tbsp ground cumin ½ tsp hot chilli powder 2 tbsp lime juice 1 tbsp runny honey 1 tsp flaked sea salt, plus extra to taste 2 ripe avocados, halved, stoned, peeled and roughly mashed or chopped 1 tomato, finely diced ½ red onion, finely chopped 1 green chilli, preferable jalapeño, finely chopped ½ small bunch fresh coriander, finely chopped 1 lime, juice only pinch salt pinch dried chilli flakes (optional) ",mexican
"1 vanilla pod, split and seeds scraped out 1 cinnamon stick 1 litre/1¾ pints milk 150g/5½oz plain chocolate, chopped into small pieces sugar, to taste freshly grated nutmeg, for dusting ",mexican
"15 chile de arbol peppers, washed, stems and seeds removed 4 guajillo chillies, washed, stems and seeds removed  3 garlic cloves 2 tomatoes, quartered 80ml/1¾oz cider vinegar ½ tsp ground cumin 4 allspice berries, ground (or a good pinch ground allspice) 1 tsp dried oregano 1 tsp salt 1 tbsp light brown sugar ",mexican
"150g/5½oz cauliflower 1 tsp olive oil salt and freshly ground black pepper 1 tsp rapeseed oil ½ medium onion (60g/2¼oz peeled weight), finely chopped 1 garlic clove, crushed 75g/2½oz 5% fat beef mince 200g/7oz tinned chopped tomatoes 1 level tbsp tomato purée pinch chilli powder  25g/1oz drained and rinsed tinned red kidney beans ",mexican
"2 garlic cloves, finely chopped olive oil, for frying 1 tsp ground cinnamon  1 tsp ground cumin  1 tsp chipotle paste or 1 red chilli, finely chopped 2 x 400g tins black beans sea salt and freshly ground black pepper 20 cherry tomatoes ½ red chilli, deseeded and finely chopped  few sprigs fresh coriander, leaves picked ½ lime, juice only  extra virgin olive oil, to taste  1 ripe avocado, stone removed and peeled  1 green chilli ½ lime, juice only  8 wheat or corn tortillas  4 free-range eggs, fried handful of grated cheese, such as manchego or queso fresco bunch breakfast radishes, cleaned and chopped natural, sheep or coconut milk yoghurt (optional) a few coriander sprigs sweet chilli sauce ",mexican
"4 beef ribs, flanken cut to 1cm/½in thickness 1 bunch of coriander, stalks and leaves finely chopped 4 limes, juice only 2 banana shallots, chopped 4 tbsp olive oil 1–2 tsp ground cumin ½ tsp ground coriander 3 garlic cloves, chopped 1 jalapeño chilli, chopped  2 corn on the cobs, husks removed 4 tomatillos (or green tomatoes), finely chopped 1 garlic clove, finely chopped 2 tbsp finely chopped coriander 2 tbsp white wine vinegar pinch sugar pinch salt 1 ripe avocado, flesh chopped ½ green chilli, finely chopped ½ red onion, very finely chopped lime juice, to taste 2 tbsp chopped coriander 6 corn tortillas 2 tbsp vegetable oil ",mexican
"150g/5½oz lamb neck fillet, sliced ½ romero pepper, sliced 1 clove garlic, sliced 1 tsp chilli flakes 1 tsp ground coriander 100ml/3½fl oz vegetable stock 1 tsp Tabasco sauce 2 tbsp of butter  3 tbsp brown sugar 1 packet of baby leeks 1 tbsp red wine vinegar 25g/1oz dark chocolate, grated 3 tbsp Greek yoghurt ",mexican
"110ml/4fl oz sherry vinegar 150g/5½oz prunes 110ml/4fl oz sherry 30g/1¼oz panko breadcrumbs 1 bunch fresh flatleaf parsley 1 tbsp grated lemon zest salt, to taste 1 garlic clove, crushed 3 tbsp rapeseed oil 1 onion, roughly chopped 2 carrots, roughly chopped 2 sticks celery, roughly chopped 1 leek, roughly chopped 4 garlic cloves 1 tbsp chopped fresh thyme 375ml/13fl oz white wine 50ml/2fl oz Madeira 2 litres/3½ pints chicken stock 3 cardamom pods 2 star anise ½ orange, zest only 2 apples, cored and blended to a purée 500ml/18fl oz tomato juice 700g/1lb 9oz pork shoulder 300g/11oz pork belly 2 green chillies, finely chopped 1 bunch coriander, chopped 2 banana shallots, finely chopped malt vinegar, to taste salt and freshly ground black pepper 2–3 free-range eggs, whites only, lightly beaten 110g/4oz panko breadcrumbs 2–3 tbsp olive oil 2–3 tbsp English mustard ¼ head of cauliflower, grated 1 tbsp sesame seeds, toasted salt, to taste ½ head cauliflower, cut into florets 250ml/9fl oz milk salt, to taste 150ml/5fl oz double cream 1 tsp lemon juice 2–3 tbsp baby cress or herbs, such as parsley or coriander pork scratchings ",mexican
"50ml/2fl oz fresh orange juice or 1 medium orange, juice only 50ml/2fl oz fresh lime juice or 1  lime, juice only 1 red onion, halved and very thinly sliced  1 habanero chilli, deseeded and finely chopped 1½  tsp dried Mexican oregano or 1 tsp oregano 1 tsp salt 1 tsp ground coriander 1 tsp ground cumin 2 tsp black peppercorns  4 allspice berries 2 tbsp annatto seeds 4 cloves 5 garlic cloves, crushed pinch chipotle powder 2 tsp dried oregano 50ml/2fl oz fresh orange juice or 1 medium orange, juice only 50ml/2fl oz cider vinegar 1 tsp olive oil  600g/1lb 5oz white fish fillets, such as cod, hake or bass 4 banana leaves (optional) sea salt 1 small red onion, finely chopped 2 green chillies, finely chopped 1 tbsp finely chopped piquillo or roasted red peppers 3 tbsp olive oil 1 lime, juice only cayenne pepper salt and freshly ground black pepper 2 large sweet potatoes, peeled and thinly sliced  2 corn tortillas, cut into 1cm/½in wide strips 2 tbsp olive oil  1 yellow pepper, finely chopped 2 avocadoes peeled, stoned and sliced 100g/3½oz cherry tomatoes, halved  70g/3oz feta or goats' cheese, crumbled  1 bunch watercress 1 tbsp chopped coriander 1 tbsp chopped mint ",mexican
"2 whole bass, each about 350g/12oz, gutted and butterflied  large handful coriander large handful chives 2 garlic cloves, roughly chopped 100ml/3½fl oz olive oil ¼ tsp salt ½ lime, juice only 1 green serrano chilli, roughly chopped 3 dried guajillo chillies, stems and seeds removed 2 ancho chillies, stems and seeds removed 1 medium tomato 1 tbsp olive oil ½ small onion, roughly chopped 2 garlic cloves, roughly chopped ½ tsp dried oregano ½ tsp ground cumin ½ tsp salt 35g/1¼oz lard 1 medium onion, finely chopped 2 garlic cloves, finely chopped 1 green jalapeño or serrano chilli, finely chopped 600g/1lb 5oz cooked black or pinto beans ½ tsp dried epazote (optional) or oregano ½ tsp salt 1 tbsp soured cream 1 tbsp mayonnaise 1 tbsp salsa verde (reserved from above) ½ lime, juice only ",mexican
"2 small ripe avocados, peeled, stones removed 1 garlic clove, peeled and finely chopped ½ small onion, peeled and finely chopped 1 small red chilli, seeds removed, finely chopped 1 lime, juice only salt and freshly ground black pepper 2 medium ripe tomatoes, chopped ½ onion, peeled and finely chopped small handful fresh coriander, chopped 2 tbsp vegetable oil (or 40g/1½oz lard) 1 small onion, peeled and finely chopped 350g/12oz rump steak, chopped  1 garlic clove, peeled and finely chopped ½ red or green chilli, seeds removed, finely chopped dash Worcestershire sauce dash Tabasco sauce pinch cayenne pepper small handful fresh coriander, chopped 2 ready-made soft flour tortillas, warmed briefly in a hot dry pan 1 Little Gem lettuce, finely sliced 100g/3½oz rice, cooked according to packet instructions and drained 75g/2½oz cheddar cheese, grated 100ml/3½fl oz soured cream ",mexican
"1 tbsp olive oil 2 large onions, chopped 500g/1lb 2oz beef mince 1 mild red chilli, deseeded and finely chopped 1 red pepper, deseeded and diced 2 garlic cloves, crushed 1 tbsp ground cumin 1 tbsp ground coriander 2 tbsp tomato purée 1–2 tbsp mango chutney 2 x 400g tins chopped tomatoes 1 small bunch fresh coriander, chopped salt and freshly ground black pepper 3 large tortilla wraps  250g/9oz full-fat mascarpone 100g/3½oz mozzarella, grated 100g/3½oz cheddar ",mexican
1 medium onion 1 garlic clove 100g/3½oz mushrooms (optional) 1 x 400g/14oz can chopped tomatoes 1 x 400g/14oz can red kidney beans 200g/7oz minced beef 1 beef stock cube 1 tsp chilli powder OR ¾ tsp spoon chilli flakes black pepper (optional) 1 mug long grain or basmati rice (about 250–300g/9-10½oz) ,mexican
"1 tbsp olive oil  1 onion, finely chopped 250g/9oz beef mince 1 tsp hot smoked paprika  1 tsp ground cumin ½ tsp chilli powder ½ 400g tin black beans, drained 200g/7oz lightly salted corn tortilla chips 150g/5½oz cheddar, grated 100g/3½oz cherry tomatoes, quartered  salt and freshly ground black pepper  4 spring onions, finely chopped  coriander (optional) sliced chillies (optional) lime wedges soured cream ",mexican
"1 large onion 1 garlic clove 2 tbsp olive oil 500g/1lb 2oz minced beef 30g/1oz packet chilli seasoning mix 500ml/18fl oz beef stock (from a stock cube) 1 tbsp tomato purée 400g tin chopped tomatoes 2 tbsp tomato ketchup 400g tin kidney beans, drained and rinsed salt and pepper 350g/12oz brown or white rice ",mexican
"1½ tsp salt ¾ tsp freshly ground black pepper 1 tsp ground cumin 1 onion, peeled and halved 5 garlic cloves, peeled and bashed  1 red chilli, finely chopped 1 green chilli, finely chopped 2 bay leaves 1 tsp dried oregano 2 tbsp fresh lime juice 50ml/2fl oz rapeseed oil 2 blood oranges, juiced, empty halves reserved 500g/1lb 2oz boneless Boston butt or pork shoulder, fat trimmed 250g/9oz heritage tomatoes, finely chopped 1 jalapeño chilli, finely chopped 3 large tomatoes, finely chopped  1 small red onion, finely chopped  1 bunch fresh coriander, finely chopped 1 lime, juice only  30ml/1fl oz molasses 1 tbsp finely chopped flatleaf parsley 1 tbsp finely chopped mint pinch salt  200g/7oz white sweet potato, peeled and cut into chips  ",mexican
"1 tbsp olive oil 1 red onion, thinly sliced 1 red pepper, thinly sliced 1–2 garlic cloves, finely chopped 250g/9oz leftover cooked pork, thinly sliced 1 tsp ground cumin 1 tsp ground coriander ½ tsp chilli powder (add more if you enjoy spicy food) 2 tomatoes, roughly chopped 4 soft wholemeal wraps 4 tbsp soured cream ¼ head iceberg lettuce, finely shredded ¼ cucumber, thinly sliced sea salt and freshly ground black pepper ",mexican
"100g/3½oz cucumber, peeled 4 sushi grade carabinero prawns, peeled, halved and de-veined (head reserved) 4 red chillies 1 guajillo chilli, toasted  2 garlic cloves 1 tbsp hot sauce 1 tbsp Worcestershire sauce 100ml/3½fl oz olive oil 6 limes, juice only salt 1 red onion, thinly sliced 6 limes, juice only ½ tsp Mexican oregano 20g/¾oz butter 500g/1lb 2oz pearl barley 1 avocado, peeled and stone removed, diced 2 tbsp finely chopped fresh coriander 1 tbsp finely chopped fresh dill ",mexican
"12 small soft taco shells  20ml/¾fl oz vegetable oil  1 onion, finely chopped  4 red chillies, finely chopped 3 cascabel chiilies, finely chopped  1 ancho chilli, finely chopped  1 garlic clove, finely chopped 200g tin sweetcorn, drained  2 large tomatoes, deseeded, roughly chopped salt and freshly ground black pepper 2 large chicken breasts (175g/6¼oz each) 200ml/7fl oz crème fraîche 1 free-range egg, beaten 12 large raw prawns, peeled  200g bag corn chips 100ml/3½fl oz vegetable oil 1 green cabbage, very finely shredded 20ml/¾fl oz olive oil  freshly ground black pepper 1 large, under-ripe mango, diced  1 red chilli, diced  1 lime, juice only handful fresh coriander leaves handful fresh mint leaves  splash extra virgin olive oil 2–3 large ripe avocados  ½ lemon, juice only 1 lime, juice only  10 drops Tabasco  salt and freshly ground black pepper ",mexican
"light chicken stock, to poach the chicken 1.5kg/3lb 5oz whole chicken  150ml/5fl oz sunflower or rapeseed oil  1 onion, peeled and finely chopped  3 cloves garlic, peeled and crushed  1 litre/1¾pt  passata  1 tsp tequila 1 tsp caster sugar  pinch salt 2 fresh poblano chillies, seeds removed, sliced (alternatively use green pepper) 10 baby courgettes, finely sliced  6 small soft corn tortillas (or 2 large ones if available) 10 courgette flowers, torn in half 200g/7oz cheddar, grated   200ml/7fl oz double cream  4 courgette flowers 200g/7oz plain flour 300ml/10fl oz sparkling water 1 tsp salt ",mexican
"1 tbsp sunflower oil, plus extra for greasing 100g/3½oz frozen chopped onion (or 1 medium onion, peeled and roughly chopped) 100g/3½oz mixed frozen peppers (or 1 yellow pepper, de-seeded and sliced) 1 x 400g tin chopped tomatoes 1 x 400g tin red kidney beans in chilli sauce 1 tbsp freshly squeezed lime or lemon juice 3 heaped tbsp chopped fresh coriander, plus extra to garnish 4 x 40g/1½oz ready-made flour tortillas  75g/2½oz mature cheddar, coarsely grated salt and freshly ground black pepper ",mexican
"250g/9oz fresh tomatoes, finely chopped 1 small onion, finely chopped 3 mild chillies, finely chopped bunch coriander, finely chopped salt, to taste lime juice, to taste 1 tbsp water ",mexican
"4 mild chillies, finely chopped bunch coriander, chopped 2 tomatoes, finely chopped salt, to taste 1 onion, finely chopped ½ lime, juice only 3 ripe avocados ",mexican
"70g/2½oz lard 225g/8oz plain flour 1½ tsp baking powder 1 tsp salt 150ml/5fl oz warm water  2 tbsp olive oil 1 onion, finely chopped 2 garlic cloves, crushed 1 medium-sized tomato, diced  1 tsp ground cumin  1 red chilli, finely chopped  1 x 400g tin red kidney beans, drained 1 tbsp fresh coriander, finely chopped  100g/3½oz Cheddar, grated salt and freshly ground black pepper 1 corn on the cob  1 onion, finely chopped 2 limes, juice only 1 garlic clove, crushed 2 fresh jalapeño chillies, finely chopped  2 tbsp flat parsley, finely chopped  1 tsp fresh oregano, finely chopped ",mexican
"500g/1lb 2oz dried black beans or pinto beans 1.2 litres/2 pints water 2 tbsp olive oil knob of butter 1 medium onion, chopped 250g/9oz smoked streaky bacon, finely chopped ",mexican
"200g/7oz cherry tomatoes, halved 1 small red onion, chopped 1 red chilli, chopped 1 jalapeño chilli, chopped 4 garlic cloves  100ml/3½fl oz white wine vinegar salt and freshly ground black pepper 1 aubergine, stem removed and cut into finger shapes 1 tbsp extra virgin olive oil 1 tsp salt  ½ tsp black pepper  4 garlic cloves, roughly chopped  4 fresh thyme sprigs  150g/5½oz blanched hazelnuts  2 tbsp unsalted butter 250g/9oz halloumi cheese, cut into slices  200g/7oz natural yoghurt pinch sumac or zatar 6 corn tortillas  2 tbsp chopped fresh flat-leaf parsley leaves 1 lime, cut into wedges ",mexican
"225g/8oz tomatoes, deseeded 1 red onion, peeled and finely chopped or 4 spring onions, trimmed and sliced  finely 1 jalapeno chilli, de-veined, de-seeded and finely chopped  225g/8oz fresh ripe fruit such as melon, mango, papaya, pineapple, peach  large bunch of fresh coriander, chopped roughly  1 lemon, zest and juice (or 2 limes) ",mexican
"2 tbsp olive oil 1 medium onion, sliced 1 clove garlic, chopped 1 tsp dried epazote or oregano ½ –1 habanero chilli, stem and seeds removed, roughly chopped 600ml/20fl oz tomato passata 250g/9oz sardines in olive oil, drained 250ml/9fl oz corn oil, for deep frying 12 small corn tortillas (about15cm/6in tortillas) salt and freshly ground pepper 1 avocado, stone and skin removed, to serve 600g/1lb 5oz black beans, rinsed 2 medium onions, finely chopped 6 garlic cloves, finely chopped 1 bay leaf ½ tsp dried epazote or oregano 35g/1¼oz lard 1 green jalapeno or serrano chilli, finely chopped ½ tsp salt ",mexican
"250g/8¾oz very fresh sea bass fillets 250g/8¾oz very fresh salmon fillets 2 limes, juice only ½ grapefruit, juice and segments only ½ orange, juice only 2 bird's-eye chillies, chopped 3 spring onions, very finely chopped 1 garlic clove, crushed salt and freshly ground black pepper 1 tbsp chopped fresh mint 6 slices French toast ",mexican
"400g/14oz cooked chicken, shredded 1 tsp coriander seeds 1 tsp cumin seeds 200g/7oz drained, tinned red kidney beans, rinsed 4 spring onions, chopped 200g/7oz tin sweetcorn, drained 3 tbsp chipotle paste 8 medium flour tortillas olive oil spray (or a little olive oil) 125g/4½oz reduced-fat mozzarella, grated 125g/4½oz reduced-fat Cheddar, grated sea salt and freshly ground black pepper 2 Little Gem lettuces, leaves separated and halved 70g/2½oz rocket leaves 100g/3½oz cherry tomatoes, halved ½ lime, juice only 2 tbsp extra virgin olive oil light soured cream coriander leaves fresh green jalapeños, sliced (optional) pickled jalapeños, sliced (optional) ",mexican
"1 tsp vegetable oil 4 spring onions, finely sliced 1 red pepper, seeds removed, finely sliced ½ tsp ground cumin ½ tsp smoked paprika 125g/4½oz leftover roast chicken (breast meat, if possible) 2 wholemeal wraps 1 tbsp roughly chopped fresh coriander 1 lime, halved 25g/1oz reduced fat soured cream salt and freshly ground black pepper ",mexican
"1 x 5cm/2in cinnamon stick, broken into pieces 1 tsp cloves 1½ tsp cumin seeds 1 large star anise 2 bay leaves, sliced small bunch fresh rosemary, leaves picked and chopped 1 x 2kg/4lb 8oz mutton leg 2 carrots, roughly chopped 2 onions, roughly chopped 4 large garlic cloves, crushed 2 small ancho chillies (available from online specialists), de-seeded, torn into small pieces 1 chipotle chilli, de-seeded, torn into small pieces 375ml/12½fl oz red wine 1 tbsp redcurrant jelly 1 butternut squash, peeled, trimmed, seeds removed, cut into wedges 2 tbsp olive oil 1 head chard, root trimmed, leaves roughly chopped salt and freshly ground black pepper ",mexican
"1 x 400g/14oz can black beans, drained, rinsed ½ tsp ground cumin ½ tsp dried oregano 1 tsp dried chilli flakes 2 spring onions, trimmed, sliced 1 red pepper, chopped 80g/3oz cheddar, grated salt and freshly ground black pepper 4 x 25cm/10in flour tortillas 1 garlic clove, peeled, cut in half 1 tbsp vegetable oil handful fresh coriander leaves, washed, chopped, plus extra to serve  1 ripe avocado, peeled, stone removed, chopped, plus extra to serve 1 fresh lime, juice only, plus extra lime wedges, to serve pinch salt 2 tbsp pumpkin seeds, shells removed, plus extra to serve ",mexican
"2 tbsp chilli oil 1 tbsp hot chilli powder  1 tbsp paprika  pinch of sugar  zest and juice of 1 lime 4 chicken breasts 4 large tomatoes, deseeded and finely diced 1 red chilli, finely chopped  juice of 1 lime  1 small red onion finely chopped 2 medium ripe avocados, stoned, peeled and finely diced 2 tbsp olive oil 120g/8 tbsp freshly roughly chopped coriander salt and pepper 4-8 medium floured tortillas, warmed  1 small iceberg lettuce, shredded 150ml/¼pt soured cream 8 bamboo skewers, soaked in water overnight ",mexican
"drizzle olive oil 1 large onion, very finely chopped 2 garlic cloves, very finely chopped 2 bay leaves 2 sprigs fresh rosemary, leaves only, very finely chopped 2 tsp ground cumin 1 red chilli, chopped (optional) 1-3 tsp chilli powder, to taste 500g/1lb 2oz lean beef mince 1 x 400g tin chopped tomatoes 1 tbsp clear honey 250ml/9fl oz red wine or beef stock boiled long-grain rice, to serve salt and freshly ground black pepper 1 ripe avocado, skin and stone removed, finely diced ½ red onion, finely diced ¼ cucumber, finely diced ½ lemon, juice only handful roughly chopped fresh coriander leaves (optional), plus extra to serve ",mexican
1 onion 2–3 garlic cloves 2 medium carrots or 1 medium carrot and 1 medium sweet potato 1 red pepper ½ vegetable stock cube 1 x 400g/14oz can red kidney beans 1 tsp vegetable oil 1 tsp chilli powder 1 tsp ground cumin (optional) 1 tsp dried oregano (optional) 1 x 400g/14oz can chopped tomatoes ground black pepper (optional) ,mexican
"3 kale leaves, finely chopped 1 onion, finely chopped 1 green pepper, finely chopped 1 red pepper, finely chopped 1 small bird's eye chilli, finely chopped 1 courgette, finely chopped 1 garlic clove, finely chopped 150ml/5fl oz tomato passata 1 tbsp olive oil knob of butter 8 free-range eggs salt and freshly ground black pepper handful fresh coriander leaves 2 soft flour or corn tortillas, warmed in the oven hot chilli sauce ",mexican
"4 small wholemeal tortillas 200g/7oz very firm tofu, drained 2 tbsp cornflour or easy-cook polenta 2 tbsp extra virgin olive oil or cold pressed rapeseed oil 2 peppers, deseeded and thinly sliced ½ red onion, cut into thin wedges 1 tsp smoked paprika ½ tsp ground cumin ½ tsp ground coriander 50g/1¾oz curly kale, thickly shredded and any tough stalks removed 2 tomatoes, roughly chopped salt and freshly ground black pepper 4 tbsp non-dairy yoghurt fresh coriander, finely chopped lime wedges ",mexican
"1 tbsp olive oil 1 large onion, chopped 2 tsp dried chilli flakes 400g/14oz can kidney beans, drained and rinsed 400g/14oz can chopped tomatoes 150ml/½ pint red wine 2 garlic cloves, crushed 15g/½oz plain chocolate (minimum 70% cocoa solids) roughly chopped salt and freshly ground black pepper 2 x 225g/8oz sirloin steaks 1 tsp olive oil freshly ground black pepper chilli oil to finish serve with 150ml/½ pint sour cream ½ iceberg lettuce, finely shredded hot flour tortillas ",mexican
"300g/10½oz lean beef steak, such as sirloin or rump, visible fat trimmed and cut into thin strips 1½ tbsp extra virgin or sunflower oil 2 yellow peppers, deseeded and thinly sliced 2 red peppers, deseeded and thinly sliced 2 red onions, cut into thin wedges 1 tsp ground cumin 1 tsp ground coriander 1 tsp smoked paprika  400g tin red kidney beans, drained and rinsed  200g/7oz cherry tomatoes, halved 1 long red chilli, finely chopped, or ½ tsp dried chilli flakes 25g/1oz fresh coriander, chopped, plus extra to garnish lime wedges, for squeezing  4 x 40g/1½oz white or wholemeal flour tortillas, warmed, to serve 2 Little Gem lettuces, trimmed and shredded, to serve 6 tbsp natural yoghurt, to serve sea salt and freshly ground black pepper ",mexican
"1 tsp ground cumin ½ tsp chilli powder ½ tsp dried oregano 2 bavette steaks, about 150g/5½oz  each 1-calorie sunflower oil spray sea salt  4 corn tortilla wraps, 15cm/6in in diameter 1 corn on the cob 1-calorie sunflower oil spray ½ red onion, finely chopped 1 green jalapeño chilli pepper, finely chopped 8 cherry tomatoes, quartered small handful roughly chopped coriander (including stalks) ½ lime, juice only  salt and freshly ground black pepper ½ ripe avocado 50ml/2fl oz reduced fat soured cream ½ lime, juice only salt and freshly ground black pepper ",mexican
"700g/1lb 9oz sweet potatoes (3 medium)  2 x 400g/14oz tins black beans, rinsed and drained  50g/1¾oz walnuts, toasted  2 tsp hot smoked paprika  1 tsp dried mixed herbs  1 tsp garlic powder  1 tsp onion powder  sea salt and freshly ground black pepper  2 tsp chipotle paste  100g/3½oz Dairy-free yoghurt (of 0% fat Greek-style yoghurt) 4 large corn (or wheat) tortillas  100g/3½oz iceberg lettuce, shredded  200g/7oz carrots, peeled and grated  200g/7oz raw beetroot, peeled and grated  1 ripe, small avocado, peeled and quartered ",mexican
"2 tbsp chilli powder, or to taste 2 tbsp ground cumin 1 tbsp sweet paprika 1 tbsp dried oregano 1 tbsp garlic powder 1 tsp onion powder 1 tsp black pepper 1 tsp salt ",mexican
"4 tbsp beef dripping or lard 1kg/2lb 4oz braising steak, cut into large chunks 2 onions, finely chopped 4 garlic cloves, finely chopped 1–3 fresh jalapeño chillies, finely chopped, to taste 2–3 tsp chilli powder, to taste 1 tsp smoked chilli powder, such as chipotle 1 tbsp ground cumin 1 tbsp ground coriander 1 tsp ground cinnamon 1 tbsp dried oregano 2 tbsp light brown sugar 2 tbsp tomato purée 400g tin chopped tomatoes 100ml/3½fl oz strong coffee 500ml/18fl oz stout or porter 3 x 400g tins red kidney, pinto or black beans (a mixture is nice), drained and rinsed salt and freshly ground black pepper fresh chillies, sliced  fresh coriander, chopped  avocado, diced  cheese, grated  soured cream  ",mexican
"2 dried chipotle chillies ¼-½ habanero chilli, to taste generous pinch sea salt flakes 4 tbsp olive oil 1 orange, juice only 2 tsp fresh oregano leaves 2 garlic cloves, roughly chopped 1 large whole chicken, spatchcocked and de-boned, only wing bones left in (ask your butcher to do this for you) large knob of butter 1 onion, finely chopped 2 garlic cloves, finely chopped ½ bunch fresh coriander, stalks chopped, leaves reserved for garnish 2 x 400g tins good-quality Mexican black beans 1 small red chilli, finely chopped, to garnish 4-8 soft tacos handful grated Mexican-style firm cheese, such as Oaxaca (available from specialist cheese shops or online; alternatively, use firm grated mozzarella) 4-8 tbsp ready-made tomato salsa 2 handfuls crisp lettuce such as Iceberg or Romaine lettuce, shredded ",mexican
"3 tomatoes (300g/10½oz), roughly chopped 1 tsp olive oil ½ onion (50g/1¾oz peeled weight), finely chopped pinch chilli flakes or finely chopped fresh red chilli pinch salt and freshly ground black pepper 15g/½oz fresh coriander, chopped (optional) ",mexican
"8 large ripe tomatoes 2 garlic cloves 2–3 tbsp lard 2 onions, sliced 2 chipotles en adobo (available from specialist stores, some supermarkets and online) 1 tsp dried oregano 1 litre/1¾ pints homemade chicken stock 1½ tsp salt 8 turns black peppermill 220g/8oz cooked chicken, shredded (optional) 500ml/1lb 2oz corn oil or vegetable oil, for deep frying 4 corn tortillas cut into 1cm/½in strips 1 avocado, stone and skin removed, diced into 1cm/½in cubes 1 lime, juice only 1½ tsp dried chipotle flakes 75g/2¾oz Lancashire cheese or feta cheese, crumbled 100g/3½oz soured cream small handful fresh coriander, roughly chopped ",mexican
"2 tsp celery salt 1 tbsp dried oregano 1 tsp dried red chilli flakes 1 tsp garlic salt 2 tsp ground cumin 1 tsp smoked paprika 2 limes, finely grated zest and juice only 6 chicken thighs, skin removed 6 tomatoes, halved 1 large red onion, cut into wedges 2 fat red or green chillies 4 garlic cloves, peeled olive oil, for brushing 1 dried chipotle chilli small bunch fresh coriander 2 limes, juice only salt and freshly ground black pepper 3 ripe avocados 3 tbsp soured cream ½ lime, finely grated zest and juice ½ unwaxed lemon, finely grated zest and juice   1 tbsp olive oil 12-18 corn tortillas or flour tortillas (3 per person) soured cream, to taste 200g/7oz Monterey Jack or strong cheddar cheese, grated 1 bunch coriander, finely chopped 1 bunch spring onions, finely chopped ",mexican
"½ very ripe mango, chopped 1 tbsp lemon juice 4 passion fruits, halved 1 large free-range egg 1 large free-range egg yolk 75g/2½oz caster sugar 60g/2¼oz unsalted butter, softened and cut into cubes 50ml/2fl oz double cream 130g/4½oz desiccated coconut 60g/2¼oz caster sugar 180ml/6fl oz full-fat milk ½ tsp flaked sea salt 25g/1oz unsalted butter 1½ tsp vanilla bean paste  8 drops of coconut flavouring (optional) 2 tbsp extra virgin coconut oil  180g/6oz plain flour sunflower oil, for frying ",mexican
"1 orange, juice only  1 lime, juice only 1 red chilli, chopped 8 cherry tomatoes, finely chopped  1 red onion, thinly sliced ½  bunch chives leaves, finely chopped  1 dried chipotle chilli, soaked in boiling water then drained and chopped 1 tbsp coriander stalks, finely chopped  1 tsp salt 1 tsp sugar  300g/10½oz fresh tuna loin, cut into small cubes 3 tbsp soured cream 1 garlic clove, crushed 3 spring onions, finely chopped  1 green chilli, finely chopped  1 bunch coriander, finely chopped ½ bunch mint, finely chopped  1 lime, juice only salt and freshly ground black pepper 3 fresh soft tortillas, each cut into two smaller rounds with a 7cm/3in cutter 2 tbsp olive oil 50g/1¾oz grated white cheese, such as Wensleydale  ",mexican
"1 tbsp olive oil 1 onion, chopped 1 garlic clove, crushed  200ml/7fl oz passata (or 1 x 400g tin chopped tomatoes) 1 tsp chopped fresh oregano (or 1/2 tsp dried oregano) ½ tsp freshly ground black pepper 1 tbsp olive oil 1 garlic clove, crushed 1 red onion, chopped 1 red pepper, seeds and core removed, finely chopped 1 courgette, chopped 170g/6oz turkey mince 85g/3oz cheddar, grated 4 wholemeal tortillas ",mexican
"2 tsp cayenne pepper  2 tsp cumin  2 tsp garlic powder  1 tbsp olive oil  salt and freshly ground black pepper 500g/1lb 2oz turkey mince (7% fat)  2 tbsp Mexican seasoning (from above) 2 tbsp olive oil  2 small onions (red or brown), finely chopped 6 spring onions, roughly chopped 2 peppers (any colour), deseeded and finely chopped  400g tin chopped tomatoes, tomato juice drained 400g tin kidney beans, drained  3 tbsp finely chopped fresh coriander  180g/6oz lightly salted tortilla chips 4 tbsp low-fat crème fraîche  salt and freshly ground black pepper ",mexican
"4 tsp smoked paprika 2 tsp ground cumin 2 tsp ground coriander 2 tsp celery salt 5 tbsp olive oil 500g/1lb 2oz turkey mince 6 tsp spice mix (from above) 2 tbsp sherry vinegar 2 banana shallots, finely chopped 1 large garlic clove, grated 1 red pepper, finely chopped 1 yellow pepper, finely chopped 1 green pepper, finely chopped 50g/1¾oz roasted red pepper (from a jar), roughly chopped 1 lime, zest and juice 8 white tortillas 150g/5½oz cheddar, grated 2 knobs butter salt guacamole, to serve tomato salsa, to serve ",mexican
"500g/1lb 2oz ripe tomatoes ½ head garlic cloves, unpeeled 2 dried ancho chillies 2 tbsp olive oil 2 red onions, cut into thin wedges 1 red pepper, diced 1 green pepper, diced 2 sticks celery, sliced 2 tsp ground cumin large sprig thyme 2 bay leaves 1 tsp dried oregano small bunch coriander, stems and leaves separated 1.25 litres/2 pints turkey stock 250g/9oz cooked black beans 250g/9oz sweetcorn salt and freshly ground black pepper 300g/10½oz leftover turkey meat, cut into strips 1 lime, juice only (optional) 6-8 corn tortillas, cut into wedges or strips 2 tbsp olive oil 2 avocados, peeled, stones removed, diced 1 lime, juice only salt, to taste 3-4 spring onions, finely sliced 100g/3½oz grated hard cheese ",mexican
"300g/10½oz fine cornmeal flour or self-raising flour pinch salt 2 tbsp olive oil  200g tin chickpeas, drained and rinsed 2 tbsp olive oil 4 purple sprouting broccoli heads, cut into small pieces 4 asparagus spears, cut into small pieces (or use more broccoli if asparagus isn't in season) 1 garlic clove, finely chopped  1 small dried chilli, finely chopped ½ tsp sweet smoked paprika salt and freshly ground black pepper 1 ripe mango, peeled and cubed 1 green chilli, seeds removed and finely chopped 1 sliver of Scotch bonnet chilli, seeds removed and finely chopped 1 tsp mirin ½ shallot, peeled and finely chopped ½ orange, juice only salt and freshly ground black pepper ",mexican
"2 tbsp olive oil 2 medium onions, sliced 1 yellow pepper, deseeded, cut into chunks 1 medium sweet potato (approximately 300g/10½oz), peeled, cut into chunks 1 tsp ground coriander 1 tbsp plain flour 400g tin chopped tomatoes 2 tbsp chipotle paste (available at larger supermarkets and delicatessens) 400g tin cannellini beans, rinsed and drained 400g tin red kidney beans, rinsed and drained salt and freshly ground black pepper vegan crème fraîche, to serve (optional) 150g/5oz quinoa, rinsed 1 ripe but firm avocado, halved, stone removed, flesh scooped out 1 lime, juice only 4 spring onions, finely sliced 1½  tbsp chopped fresh coriander, plus extra to garnish salt and freshly ground black pepper ",mexican
"400g/14oz butternut squash, chopped into 2.5cm/1in rounds 150g/5½oz cashew butter 1 tbsp pickled jalapeño chillies, plus 1 tbsp pickling juice 1 large garlic clove, finely chopped 3–4 tbsp nutritional yeast 3 tbsp almond milk (or alternative vegan milk) ½ lemon, juice only salt and freshly ground black pepper 4 wholemeal tortillas wraps, each cut into 6 triangles 4 white tortillas wraps, each cut into 6 triangles 4 medium tomatoes, roughly chopped 2 red onions, roughly chopped 2 avocados, halved and roughly chopped handful fresh coriander, roughly chopped ",mexican
"2 small sweet potatoes, cut into 2cm/¾in cubes  2 tsp chilli powder  2 tsp paprika  pinch ground cinnamon 4 tbsp olive oil  1½ red onions, finely chopped 2 celery sticks, finely chopped  2 carrots, finely chopped 2 garlic cloves, crushed  1 red chilli, finely chopped 1 red pepper, thinly sliced  1 yellow pepper, thinly sliced 150g/5½oz chestnut mushrooms, quartered 1 aubergine, cut into 2cm/¾in cubes  1 tsp ground coriander 1 tsp ground cumin 400g tin kidney beans in chilli sauce 400g tin plum tomatoes  2–3 dashes Worcestershire sauce (optional) 1–2 dashes Tabasco sauce  dash red wine vinegar  200ml/7fl oz vegetable stock  small bunch fresh coriander, leaves picked and stalks chopped salt and freshly ground black pepper vegetable oil, for deep-frying 3 large flour tortillas  ",mexican
,mexican
"1 large aubergine, cut into small chunks  5 garlic cloves, unpeeled 3 fresh thyme sprigs  3 tbsp olive oil, plus extra for frying 1 large onion, thinly sliced  400g tin chopped tomatoes  ½ red pepper, seeds removed and thinly sliced 30g/1oz demerara sugar 2 tbsp tomato purée  ½ lime, juice only  ½ bunch fresh coriander, leaves picked, stalks finely chopped salt and freshly ground black pepper 50g/1¾oz dried chipotle chillies, halved  1 large onion, quartered 4 garlic cloves 2 tbsp fresh oregano leaves 2 tbsp fresh thyme leaves  ½ tsp cumin seeds dash Tabasco sauce 2 green chillies, stems removed 200ml/7fl oz boiling water  2 tbsp olive oil 25ml/1fl oz white wine vinegar 25ml/1fl oz balsamic vinegar 2 tbsp tomato purée  ½ tbsp soy sauce 90g/3oz demerara sugar ½ lime, juice only  1 tbsp olive oil 1 onion, finely chopped 2 large garlic cloves, crushed 1 red chilli, finely chopped 400g tin mixed beans, drained and rinsed ½ small bunch fresh coriander, leaves picked, stalks finely chopped ½ small bunch fresh flatleaf parsley, finely chopped  ½ small bunch fresh coriander, finely chopped 1 large red onion, finely chopped ½ red chilli, seeds removed, finely chopped ½ lime, juice only 1 tomato, finely chopped 250g/9oz masa harina cornflour 1 tsp baking powder 200–250ml/7–9fl oz hot water 250ml/9fl oz olive oil salt ",mexican
"2 garlic cloves, sliced  1 red chilli, sliced 2 tsp coconut oil ½ tsp smoked paprika 400g tin borlotti beans, undrained 2 handfuls cherry tomatoes, roughly chopped 2 unwaxed limes, grated zest and juice a small bunch fresh coriander, chopped 2 ripe avocados, stone removed 200g/7oz feta cheese or firm tofu 2 large pinches red chilli flakes 200g/7oz spring greens, stems removed and shredded a few sprigs fresh oregano, leaves only 4 large wholemeal or seeded tortillas ",mexican
"2 tbsp vegetable oil  1 onion, chopped  1 red chilli, seeds removed and chopped  1 garlic clove, chopped  1 tsp ground cumin 1 tsp ground coriander 400g tin kidney beans, drained and rinsed a little vegetable stock or water ½ lime, juice only handful fresh coriander, roughly chopped 4 tomatoes, seeds removed and chopped ½ red onion, chopped 1 lime, juice only small bunch coriander, chopped  4 soft tortillas  2 tbsp plain yoghurt or soured cream ",mexican
"325g/11½oz split red lentils 1 tsp rapeseed oil 2 onions, roughly chopped 4 garlic cloves, finely chopped 2 red chilli, deseeded and finely chopped 1 tbsp ground cumin 1 tbsp ground coriander 2 tsp smoked paprika 2 tsp ground black pepper 2 tbsp tomato purée 1kg/2lb 4oz tomato passata 2 vegetable stock cubes 3 large courgettes, grated  400g tin black beans or three bean salad in water, drained  4 soft wholemeal flour tortillas sunflower oil spray 2 avocados, peeled, stoned and roughly chopped 1 lime, juice only 1 small bunch coriander, roughly chopped  60g/2¼oz cheddar cheese, grated cos or Little Gem lettuce 3 tomatoes, roughly chopped ",mexican
"1 tbsp vegetable oil 450g/1lb venison shoulder, trimmed and cut into large pieces 1 onion, finely chopped 1 red pepper, chopped 1 green pepper, chopped 1 stick celery, chopped 8-10 red chillies, chopped 250g/8½oz mushrooms, sliced 1 garlic clove, crushed 1 tbsp tomato purée pinch ground cumin pinch ground paprika 150ml/5fl oz game or beef stock 125ml/4½fl oz red wine 400g/14oz canned chopped tomatoes salt and freshly ground black pepper 50g/1¾oz dark chocolate, grated plain rice, cooked according to packet instructions 4 soft flour tortillas ",mexican
"2 sweet potatoes, cleaned 2 x 180g/6oz venison loins, trimmed  3 tbsp olive oil 4 sprigs of thyme 50g/1¾oz butter 50ml/2fl oz pomegranate molasses 2 ancho chilles, cleaned 2 pasilla chilles, cleaned 3 guajillo chilles, cleaned ½ cinnamon stick 1 star anise 1 tsp cumin seeds 50g/1¾oz peanuts 50g/1¾oz almonds 50g/1¾oz sesame seeds 3 tbsp olive oil  1 onion, cut into chunks 2 garlic cloves, crushed 1 red chilli, chopped 2 tomatoes, chopped little chicken stock 50g/1¾oz dark chocolate, minimum 70% cocoa solids, chopped salt and pepper 2 large tortillas  50g/1¾oz curd cheese 50g/1¾oz corn relish  100g/3½oz smoked cheese, grated ",mexican
